"scen_type","type_id","agents","lower_cost","lower_date","solution_cost","solution_date"
"even","1","1","1","2022-11-18","1","2022-11-18"
"even","1","2","4","2022-11-18","4","2022-11-18"
"even","1","3","12","2022-11-18","12","2022-11-18"
"even","1","4","20","2022-11-18","20","2022-11-18"
"even","1","5","27","2022-11-18","27","2022-11-18"
"even","1","6","31","2022-11-18","31","2022-11-18"
"even","1","7","39","2022-11-18","39","2022-11-18"
"even","1","8","46","2022-11-18","46","2022-11-18"
"even","1","9","47","2022-11-18","47","2022-11-18"
"even","1","10","51","2022-11-18","51","2022-11-18"
"even","1","11","54","2022-11-18","54","2022-11-18"
"even","1","12","56","2022-11-18","56","2022-11-18"
"even","1","13","57","2022-11-18","57","2022-11-18"
"even","1","14","62","2022-11-18","62","2022-11-18"
"even","1","15","68","2022-11-18","68","2022-11-18"
"even","1","16","74","2022-11-18","74","2022-11-18"
"even","1","17","80","2022-11-18","80","2022-11-18"
"even","1","18","87","2022-11-18","87","2022-11-18"
"even","1","19","94","2022-11-18","94","2022-11-18"
"even","1","20","96","2022-11-18","96","2022-11-18"
"even","1","21","102","2022-11-18","102","2022-11-18"
"even","1","22","104","2022-11-18","104","2022-11-18"
"even","1","23","108","2022-11-18","108","2022-11-18"
"even","1","24","112","2022-11-18","112","2022-11-18"
"even","1","25","118","2022-11-18","118","2022-11-18"
"even","1","26","121","2022-11-18","121","2022-11-18"
"even","1","27","127","2022-11-18","127","2022-11-18"
"even","1","28","135","2022-11-18","135","2022-11-18"
"even","1","29","138","2022-11-18","138","2022-11-18"
"even","1","30","142","2022-11-18","142","2022-11-18"
"even","1","31","149","2022-11-18","149","2022-11-18"
"even","1","32","150","2022-11-18","150","2022-11-18"
"even","2","1","4","2022-11-18","4","2022-11-18"
"even","2","2","8","2022-11-18","8","2022-11-18"
"even","2","3","10","2022-11-18","10","2022-11-18"
"even","2","4","16","2022-11-18","16","2022-11-18"
"even","2","5","21","2022-11-18","21","2022-11-18"
"even","2","6","24","2022-11-18","24","2022-11-18"
"even","2","7","32","2022-11-18","32","2022-11-18"
"even","2","8","38","2022-11-18","38","2022-11-18"
"even","2","9","40","2022-11-18","40","2022-11-18"
"even","2","10","48","2022-11-18","48","2022-11-18"
"even","2","11","53","2022-11-18","53","2022-11-18"
"even","2","12","56","2022-11-18","56","2022-11-18"
"even","2","13","65","2022-11-18","65","2022-11-18"
"even","2","14","76","2022-11-18","76","2022-11-18"
"even","2","15","83","2022-11-18","83","2022-11-18"
"even","2","16","88","2022-11-18","88","2022-11-18"
"even","2","17","92","2022-11-18","92","2022-11-18"
"even","2","18","98","2022-11-18","98","2022-11-18"
"even","2","19","99","2022-11-18","99","2022-11-18"
"even","2","20","105","2022-11-18","105","2022-11-18"
"even","2","21","113","2022-11-18","113","2022-11-18"
"even","2","22","122","2022-11-18","122","2022-11-18"
"even","2","23","126","2022-11-18","126","2022-11-18"
"even","2","24","135","2022-11-18","135","2022-11-18"
"even","2","25","141","2022-11-18","141","2022-11-18"
"even","2","26","148","2023-02-27","148","2023-02-27"
"even","2","27","154","2023-02-27","154","2023-02-27"
"even","2","28","160","2023-02-27","160","2023-02-27"
"even","2","29","173","2023-02-27","173","2023-02-27"
"even","2","30","174","2023-02-27","174","2023-02-27"
"even","2","31","176.473","2023-02-27","180","2022-11-30"
"even","2","32","177.283","2023-02-27","185","2022-11-30"
"even","3","1","2","2022-11-18","2","2022-11-18"
"even","3","2","6","2022-11-18","6","2022-11-18"
"even","3","3","11","2022-11-18","11","2022-11-18"
"even","3","4","16","2022-11-18","16","2022-11-18"
"even","3","5","18","2022-11-18","18","2022-11-18"
"even","3","6","20","2022-11-18","20","2022-11-18"
"even","3","7","29","2022-11-18","29","2022-11-18"
"even","3","8","38","2022-11-18","38","2022-11-18"
"even","3","9","46","2022-11-18","46","2022-11-18"
"even","3","10","51","2022-11-18","51","2022-11-18"
"even","3","11","61","2022-11-18","61","2022-11-18"
"even","3","12","69","2022-11-18","69","2022-11-18"
"even","3","13","72","2022-11-18","72","2022-11-18"
"even","3","14","80","2022-11-18","80","2022-11-18"
"even","3","15","84","2022-11-18","84","2022-11-18"
"even","3","16","85","2022-11-18","85","2022-11-18"
"even","3","17","95","2022-11-18","95","2022-11-18"
"even","3","18","100","2022-11-18","100","2022-11-18"
"even","3","19","106","2022-11-18","106","2022-11-18"
"even","3","20","112","2022-11-18","112","2022-11-18"
"even","3","21","115","2022-11-18","115","2022-11-18"
"even","3","22","118","2022-11-18","118","2022-11-18"
"even","3","23","126","2022-11-18","126","2022-11-18"
"even","3","24","131","2022-11-18","131","2022-11-18"
"even","3","25","138","2022-11-18","138","2022-11-18"
"even","3","26","145","2022-11-18","145","2022-11-18"
"even","3","27","151","2022-11-18","151","2022-11-18"
"even","3","28","162","2022-11-18","162","2022-11-18"
"even","3","29","169","2022-11-18","169","2022-11-18"
"even","3","30","175","2022-11-18","175","2022-11-18"
"even","3","31","183","2023-02-27","183","2022-11-30"
"even","3","32","191","2023-02-27","191","2023-02-27"
"even","4","1","4","2022-11-18","4","2022-11-18"
"even","4","2","6","2022-11-18","6","2022-11-18"
"even","4","3","7","2022-11-18","7","2022-11-18"
"even","4","4","13","2022-11-18","13","2022-11-18"
"even","4","5","17","2022-11-18","17","2022-11-18"
"even","4","6","20","2022-11-18","20","2022-11-18"
"even","4","7","21","2022-11-18","21","2022-11-18"
"even","4","8","26","2022-11-18","26","2022-11-18"
"even","4","9","33","2022-11-18","33","2022-11-18"
"even","4","10","39","2022-11-18","39","2022-11-18"
"even","4","11","45","2022-11-18","45","2022-11-18"
"even","4","12","51","2022-11-18","51","2022-11-18"
"even","4","13","53","2022-11-18","53","2022-11-18"
"even","4","14","59","2022-11-18","59","2022-11-18"
"even","4","15","62","2022-11-18","62","2022-11-18"
"even","4","16","69","2022-11-18","69","2022-11-18"
"even","4","17","73","2022-11-18","73","2022-11-18"
"even","4","18","80","2022-11-18","80","2022-11-18"
"even","4","19","83","2022-11-18","83","2022-11-18"
"even","4","20","87","2022-11-18","87","2022-11-18"
"even","4","21","92","2022-11-18","92","2022-11-18"
"even","4","22","98","2022-11-18","98","2022-11-18"
"even","4","23","105","2022-11-18","105","2022-11-18"
"even","4","24","111","2022-11-18","111","2022-11-18"
"even","4","25","114","2022-11-18","114","2022-11-18"
"even","4","26","122","2022-11-18","122","2022-11-18"
"even","4","27","128","2022-11-18","128","2022-11-18"
"even","4","28","132","2022-11-18","132","2022-11-18"
"even","4","29","151","2022-11-18","151","2022-11-18"
"even","4","30","159","2022-11-18","159","2022-11-18"
"even","4","31","165","2023-02-27","165","2022-11-30"
"even","4","32","178","2023-02-27","178","2022-11-30"
"even","5","1","1","2022-11-18","1","2022-11-18"
"even","5","2","5","2022-11-18","5","2022-11-18"
"even","5","3","7","2022-11-18","7","2022-11-18"
"even","5","4","15","2022-11-18","15","2022-11-18"
"even","5","5","19","2022-11-18","19","2022-11-18"
"even","5","6","20","2022-11-18","20","2022-11-18"
"even","5","7","25","2022-11-18","25","2022-11-18"
"even","5","8","29","2022-11-18","29","2022-11-18"
"even","5","9","32","2022-11-18","32","2022-11-18"
"even","5","10","34","2022-11-18","34","2022-11-18"
"even","5","11","40","2022-11-18","40","2022-11-18"
"even","5","12","50","2022-11-18","50","2022-11-18"
"even","5","13","57","2022-11-18","57","2022-11-18"
"even","5","14","59","2022-11-18","59","2022-11-18"
"even","5","15","60","2022-11-18","60","2022-11-18"
"even","5","16","67","2022-11-18","67","2022-11-18"
"even","5","17","70","2022-11-18","70","2022-11-18"
"even","5","18","80","2022-11-18","80","2022-11-18"
"even","5","19","82","2022-11-18","82","2022-11-18"
"even","5","20","85","2022-11-18","85","2022-11-18"
"even","5","21","88","2022-11-18","88","2022-11-18"
"even","5","22","99","2022-11-18","99","2022-11-18"
"even","5","23","105","2022-11-18","105","2022-11-18"
"even","5","24","112","2022-11-18","112","2022-11-18"
"even","5","25","121","2022-11-18","121","2022-11-18"
"even","5","26","128","2022-11-18","128","2022-11-18"
"even","5","27","131","2022-11-18","131","2022-11-18"
"even","5","28","141","2022-11-18","141","2022-11-18"
"even","5","29","144","2022-11-18","144","2022-11-18"
"even","5","30","152","2022-11-18","152","2022-11-18"
"even","5","31","159","2022-11-18","159","2022-11-18"
"even","5","32","166","2022-11-18","166","2022-11-18"
"even","6","1","4","2022-11-18","4","2022-11-18"
"even","6","2","12","2022-11-18","12","2022-11-18"
"even","6","3","14","2022-11-18","14","2022-11-18"
"even","6","4","18","2022-11-18","18","2022-11-18"
"even","6","5","21","2022-11-18","21","2022-11-18"
"even","6","6","28","2022-11-18","28","2022-11-18"
"even","6","7","33","2022-11-18","33","2022-11-18"
"even","6","8","35","2022-11-18","35","2022-11-18"
"even","6","9","40","2022-11-18","40","2022-11-18"
"even","6","10","42","2022-11-18","42","2022-11-18"
"even","6","11","48","2022-11-18","48","2022-11-18"
"even","6","12","54","2022-11-18","54","2022-11-18"
"even","6","13","57","2022-11-18","57","2022-11-18"
"even","6","14","59","2022-11-18","59","2022-11-18"
"even","6","15","63","2022-11-18","63","2022-11-18"
"even","6","16","65","2022-11-18","65","2022-11-18"
"even","6","17","69","2022-11-18","69","2022-11-18"
"even","6","18","73","2022-11-18","73","2022-11-18"
"even","6","19","75","2022-11-18","75","2022-11-18"
"even","6","20","79","2022-11-18","79","2022-11-18"
"even","6","21","91","2022-11-18","91","2022-11-18"
"even","6","22","95","2022-11-18","95","2022-11-18"
"even","6","23","104","2022-11-18","104","2022-11-18"
"even","6","24","108","2022-11-18","108","2022-11-18"
"even","6","25","113","2022-11-18","113","2022-11-18"
"even","6","26","121","2022-11-18","121","2022-11-18"
"even","6","27","129","2022-11-18","129","2022-11-18"
"even","6","28","133","2022-11-18","133","2022-11-18"
"even","6","29","140","2022-11-18","140","2022-11-18"
"even","6","30","151","2022-11-18","151","2022-11-18"
"even","6","31","161","2022-11-18","161","2022-11-18"
"even","6","32","170","2022-11-18","170","2022-11-18"
"even","7","1","5","2022-11-18","5","2022-11-18"
"even","7","2","11","2022-11-18","11","2022-11-18"
"even","7","3","18","2022-11-18","18","2022-11-18"
"even","7","4","22","2022-11-18","22","2022-11-18"
"even","7","5","28","2022-11-18","28","2022-11-18"
"even","7","6","29","2022-11-18","29","2022-11-18"
"even","7","7","33","2022-11-18","33","2022-11-18"
"even","7","8","40","2022-11-18","40","2022-11-18"
"even","7","9","46","2022-11-18","46","2022-11-18"
"even","7","10","47","2022-11-18","47","2022-11-18"
"even","7","11","50","2022-11-18","50","2022-11-18"
"even","7","12","56","2022-11-18","56","2022-11-18"
"even","7","13","61","2022-11-18","61","2022-11-18"
"even","7","14","65","2022-11-18","65","2022-11-18"
"even","7","15","68","2022-11-18","68","2022-11-18"
"even","7","16","74","2022-11-18","74","2022-11-18"
"even","7","17","79","2022-11-18","79","2022-11-18"
"even","7","18","85","2022-11-18","85","2022-11-18"
"even","7","19","89","2022-11-18","89","2022-11-18"
"even","7","20","91","2022-11-18","91","2022-11-18"
"even","7","21","96","2022-11-18","96","2022-11-18"
"even","7","22","111","2022-11-18","111","2022-11-18"
"even","7","23","115","2022-11-18","115","2022-11-18"
"even","7","24","123","2022-11-18","123","2022-11-18"
"even","7","25","130","2022-11-18","130","2022-11-18"
"even","7","26","134","2022-11-18","134","2022-11-18"
"even","7","27","142","2022-11-18","142","2022-11-18"
"even","7","28","145","2022-11-18","145","2022-11-18"
"even","7","29","148","2022-11-18","148","2022-11-18"
"even","7","30","161","2022-11-18","161","2022-11-18"
"even","7","31","169","2022-11-18","169","2022-11-18"
"even","7","32","176.75","2023-02-27","182","2022-11-30"
"even","8","1","3","2022-11-18","3","2022-11-18"
"even","8","2","5","2022-11-18","5","2022-11-18"
"even","8","3","14","2022-11-18","14","2022-11-18"
"even","8","4","19","2022-11-18","19","2022-11-18"
"even","8","5","23","2022-11-18","23","2022-11-18"
"even","8","6","26","2022-11-18","26","2022-11-18"
"even","8","7","32","2022-11-18","32","2022-11-18"
"even","8","8","34","2022-11-18","34","2022-11-18"
"even","8","9","41","2022-11-18","41","2022-11-18"
"even","8","10","48","2022-11-18","48","2022-11-18"
"even","8","11","54","2022-11-18","54","2022-11-18"
"even","8","12","57","2022-11-18","57","2022-11-18"
"even","8","13","58","2022-11-18","58","2022-11-18"
"even","8","14","64","2022-11-18","64","2022-11-18"
"even","8","15","68","2022-11-18","68","2022-11-18"
"even","8","16","72","2022-11-18","72","2022-11-18"
"even","8","17","81","2022-11-18","81","2022-11-18"
"even","8","18","86","2022-11-18","86","2022-11-18"
"even","8","19","92","2022-11-18","92","2022-11-18"
"even","8","20","98","2022-11-18","98","2022-11-18"
"even","8","21","100","2022-11-18","100","2022-11-18"
"even","8","22","104","2022-11-18","104","2022-11-18"
"even","8","23","106","2022-11-18","106","2022-11-18"
"even","8","24","113","2022-11-18","113","2022-11-18"
"even","8","25","117","2022-11-18","117","2022-11-18"
"even","8","26","120","2022-11-18","120","2022-11-18"
"even","8","27","124","2022-11-18","124","2022-11-18"
"even","8","28","131","2022-11-18","131","2022-11-18"
"even","8","29","137","2022-11-18","137","2022-11-18"
"even","8","30","140","2022-11-18","140","2022-11-18"
"even","8","31","147","2022-11-18","147","2022-11-18"
"even","8","32","151","2022-11-18","151","2022-11-18"
"even","9","1","2","2022-11-18","2","2022-11-18"
"even","9","2","8","2022-11-18","8","2022-11-18"
"even","9","3","15","2022-11-18","15","2022-11-18"
"even","9","4","22","2022-11-18","22","2022-11-18"
"even","9","5","24","2022-11-18","24","2022-11-18"
"even","9","6","25","2022-11-18","25","2022-11-18"
"even","9","7","31","2022-11-18","31","2022-11-18"
"even","9","8","39","2022-11-18","39","2022-11-18"
"even","9","9","40","2022-11-18","40","2022-11-18"
"even","9","10","43","2022-11-18","43","2022-11-18"
"even","9","11","45","2022-11-18","45","2022-11-18"
"even","9","12","53","2022-11-18","53","2022-11-18"
"even","9","13","61","2022-11-18","61","2022-11-18"
"even","9","14","68","2022-11-18","68","2022-11-18"
"even","9","15","74","2022-11-18","74","2022-11-18"
"even","9","16","81","2022-11-18","81","2022-11-18"
"even","9","17","84","2022-11-18","84","2022-11-18"
"even","9","18","94","2022-11-18","94","2022-11-18"
"even","9","19","97","2022-11-18","97","2022-11-18"
"even","9","20","105","2022-11-18","105","2022-11-18"
"even","9","21","111","2022-11-18","111","2022-11-18"
"even","9","22","115","2022-11-18","115","2022-11-18"
"even","9","23","123","2022-11-18","123","2022-11-18"
"even","9","24","127","2022-11-18","127","2022-11-18"
"even","9","25","137","2022-11-18","137","2022-11-18"
"even","9","26","146","2022-11-18","146","2022-11-18"
"even","9","27","154","2022-11-18","154","2022-11-18"
"even","9","28","162","2022-11-18","162","2022-11-18"
"even","9","29","175","2023-02-27","175","2023-02-27"
"even","9","30","181.3","2023-02-27","184","2022-11-30"
"even","9","31","188.458","2023-02-27","197","2022-11-30"
"even","9","32","174","2022-11-30","201","2022-11-30"
"even","10","1","6","2022-11-18","6","2022-11-18"
"even","10","2","8","2022-11-18","8","2022-11-18"
"even","10","3","12","2022-11-18","12","2022-11-18"
"even","10","4","19","2022-11-18","19","2022-11-18"
"even","10","5","21","2022-11-18","21","2022-11-18"
"even","10","6","26","2022-11-18","26","2022-11-18"
"even","10","7","31","2022-11-18","31","2022-11-18"
"even","10","8","37","2022-11-18","37","2022-11-18"
"even","10","9","45","2022-11-18","45","2022-11-18"
"even","10","10","52","2022-11-18","52","2022-11-18"
"even","10","11","56","2022-11-18","56","2022-11-18"
"even","10","12","64","2022-11-18","64","2022-11-18"
"even","10","13","67","2022-11-18","67","2022-11-18"
"even","10","14","75","2022-11-18","75","2022-11-18"
"even","10","15","86","2022-11-18","86","2022-11-18"
"even","10","16","88","2022-11-18","88","2022-11-18"
"even","10","17","96","2022-11-18","96","2022-11-18"
"even","10","18","104","2022-11-18","104","2022-11-18"
"even","10","19","106","2022-11-18","106","2022-11-18"
"even","10","20","112","2022-11-18","112","2022-11-18"
"even","10","21","115","2022-11-18","115","2022-11-18"
"even","10","22","124","2022-11-18","124","2022-11-18"
"even","10","23","130","2022-11-18","130","2022-11-18"
"even","10","24","131","2022-11-18","131","2022-11-18"
"even","10","25","133","2022-11-18","133","2022-11-18"
"even","10","26","145","2022-11-18","145","2022-11-18"
"even","10","27","154","2022-11-18","154","2022-11-18"
"even","10","28","159","2022-11-18","159","2022-11-18"
"even","10","29","163","2022-11-18","163","2022-11-18"
"even","10","30","171","2023-02-27","171","2023-02-27"
"even","10","31","172","2023-02-27","172","2023-02-27"
"even","10","32","177.849","2023-02-27","183","2022-11-30"
"even","11","1","2","2022-11-18","2","2022-11-18"
"even","11","2","4","2022-11-18","4","2022-11-18"
"even","11","3","8","2022-11-18","8","2022-11-18"
"even","11","4","10","2022-11-18","10","2022-11-18"
"even","11","5","17","2022-11-18","17","2022-11-18"
"even","11","6","24","2022-11-18","24","2022-11-18"
"even","11","7","26","2022-11-18","26","2022-11-18"
"even","11","8","35","2022-11-18","35","2022-11-18"
"even","11","9","40","2022-11-18","40","2022-11-18"
"even","11","10","46","2022-11-18","46","2022-11-18"
"even","11","11","51","2022-11-18","51","2022-11-18"
"even","11","12","58","2022-11-18","58","2022-11-18"
"even","11","13","66","2022-11-18","66","2022-11-18"
"even","11","14","73","2022-11-18","73","2022-11-18"
"even","11","15","82","2022-11-18","82","2022-11-18"
"even","11","16","87","2022-11-18","87","2022-11-18"
"even","11","17","95","2022-11-18","95","2022-11-18"
"even","11","18","103","2022-11-18","103","2022-11-18"
"even","11","19","111","2022-11-18","111","2022-11-18"
"even","11","20","114","2022-11-18","114","2022-11-18"
"even","11","21","120","2022-11-18","120","2022-11-18"
"even","11","22","129","2022-11-18","129","2022-11-18"
"even","11","23","137","2022-11-18","137","2022-11-18"
"even","11","24","143","2022-11-18","143","2022-11-18"
"even","11","25","147","2022-11-18","147","2022-11-18"
"even","11","26","151","2022-11-18","151","2022-11-18"
"even","11","27","158","2022-11-18","158","2022-11-18"
"even","11","28","164","2023-02-27","164","2022-11-30"
"even","11","29","167","2023-02-27","167","2022-11-30"
"even","11","30","173","2023-02-27","173","2023-02-27"
"even","11","31","179","2023-02-27","179","2022-11-30"
"even","11","32","180.341","2023-02-27","185","2022-11-30"
"even","12","1","1","2022-11-18","1","2022-11-18"
"even","12","2","6","2022-11-18","6","2022-11-18"
"even","12","3","14","2022-11-18","14","2022-11-18"
"even","12","4","17","2022-11-18","17","2022-11-18"
"even","12","5","29","2022-11-18","29","2022-11-18"
"even","12","6","31","2022-11-18","31","2022-11-18"
"even","12","7","43","2022-11-18","43","2022-11-18"
"even","12","8","45","2022-11-18","45","2022-11-18"
"even","12","9","50","2022-11-18","50","2022-11-18"
"even","12","10","53","2022-11-18","53","2022-11-18"
"even","12","11","57","2022-11-18","57","2022-11-18"
"even","12","12","59","2022-11-18","59","2022-11-18"
"even","12","13","67","2022-11-18","67","2022-11-18"
"even","12","14","69","2022-11-18","69","2022-11-18"
"even","12","15","73","2022-11-18","73","2022-11-18"
"even","12","16","78","2022-11-18","78","2022-11-18"
"even","12","17","81","2022-11-18","81","2022-11-18"
"even","12","18","89","2022-11-18","89","2022-11-18"
"even","12","19","93","2022-11-18","93","2022-11-18"
"even","12","20","98","2022-11-18","98","2022-11-18"
"even","12","21","102","2022-11-18","102","2022-11-18"
"even","12","22","105","2022-11-18","105","2022-11-18"
"even","12","23","114","2022-11-18","114","2022-11-18"
"even","12","24","116","2022-11-18","116","2022-11-18"
"even","12","25","125","2022-11-18","125","2022-11-18"
"even","12","26","131","2022-11-18","131","2022-11-18"
"even","12","27","143","2023-02-27","143","2023-02-27"
"even","12","28","144","2023-02-27","144","2023-02-27"
"even","12","29","150","2023-02-27","150","2023-02-27"
"even","12","30","160","2023-02-27","160","2023-02-27"
"even","12","31","163","2023-02-27","163","2023-02-27"
"even","12","32","167","2023-02-27","167","2023-02-27"
"even","13","1","8","2022-11-18","8","2022-11-18"
"even","13","2","10","2022-11-18","10","2022-11-18"
"even","13","3","17","2022-11-18","17","2022-11-18"
"even","13","4","20","2022-11-18","20","2022-11-18"
"even","13","5","24","2022-11-18","24","2022-11-18"
"even","13","6","29","2022-11-18","29","2022-11-18"
"even","13","7","35","2022-11-18","35","2022-11-18"
"even","13","8","47","2022-11-18","47","2022-11-18"
"even","13","9","55","2022-11-18","55","2022-11-18"
"even","13","10","64","2022-11-18","64","2022-11-18"
"even","13","11","70","2022-11-18","70","2022-11-18"
"even","13","12","73","2022-11-18","73","2022-11-18"
"even","13","13","84","2022-11-18","84","2022-11-18"
"even","13","14","91","2022-11-18","91","2022-11-18"
"even","13","15","95","2022-11-18","95","2022-11-18"
"even","13","16","97","2022-11-18","97","2022-11-18"
"even","13","17","107","2022-11-18","107","2022-11-18"
"even","13","18","111","2022-11-18","111","2022-11-18"
"even","13","19","115","2022-11-18","115","2022-11-18"
"even","13","20","120","2022-11-18","120","2022-11-18"
"even","13","21","125","2022-11-18","125","2022-11-18"
"even","13","22","128","2022-11-18","128","2022-11-18"
"even","13","23","139","2022-11-18","139","2022-11-18"
"even","13","24","142","2022-11-18","142","2022-11-18"
"even","13","25","148","2022-11-18","148","2022-11-18"
"even","13","26","153","2023-02-27","153","2022-11-30"
"even","13","27","157","2023-02-27","157","2023-02-27"
"even","13","28","169","2023-02-27","169","2023-02-27"
"even","13","29","176","2023-02-27","176","2023-02-27"
"even","13","30","177","2023-02-27","177","2023-02-27"
"even","13","31","183.952","2023-02-27","193","2022-11-30"
"even","13","32","185.026","2023-02-27","191","2022-11-30"
"even","14","1","2","2022-11-18","2","2022-11-18"
"even","14","2","5","2022-11-18","5","2022-11-18"
"even","14","3","6","2022-11-18","6","2022-11-18"
"even","14","4","13","2022-11-18","13","2022-11-18"
"even","14","5","15","2022-11-18","15","2022-11-18"
"even","14","6","19","2022-11-18","19","2022-11-18"
"even","14","7","24","2022-11-18","24","2022-11-18"
"even","14","8","31","2022-11-18","31","2022-11-18"
"even","14","9","33","2022-11-18","33","2022-11-18"
"even","14","10","41","2022-11-18","41","2022-11-18"
"even","14","11","44","2022-11-18","44","2022-11-18"
"even","14","12","58","2022-11-18","58","2022-11-18"
"even","14","13","66","2022-11-18","66","2022-11-18"
"even","14","14","69","2022-11-18","69","2022-11-18"
"even","14","15","71","2022-11-18","71","2022-11-18"
"even","14","16","79","2022-11-18","79","2022-11-18"
"even","14","17","83","2022-11-18","83","2022-11-18"
"even","14","18","90","2022-11-18","90","2022-11-18"
"even","14","19","93","2022-11-18","93","2022-11-18"
"even","14","20","101","2022-11-18","101","2022-11-18"
"even","14","21","104","2022-11-18","104","2022-11-18"
"even","14","22","109","2022-11-18","109","2022-11-18"
"even","14","23","115","2022-11-18","115","2022-11-18"
"even","14","24","125","2022-11-18","125","2022-11-18"
"even","14","25","135","2022-11-18","135","2022-11-18"
"even","14","26","140","2022-11-18","140","2022-11-18"
"even","14","27","148","2022-11-18","148","2022-11-18"
"even","14","28","152","2022-11-18","152","2022-11-18"
"even","14","29","158","2022-11-18","158","2022-11-18"
"even","14","30","167","2023-02-27","167","2022-11-30"
"even","14","31","173.596","2023-02-27","180","2022-11-30"
"even","14","32","183.264","2023-02-27","191","2022-11-30"
"even","15","1","5","2022-11-18","5","2022-11-18"
"even","15","2","6","2022-11-18","6","2022-11-18"
"even","15","3","13","2022-11-18","13","2022-11-18"
"even","15","4","18","2022-11-18","18","2022-11-18"
"even","15","5","20","2022-11-18","20","2022-11-18"
"even","15","6","25","2022-11-18","25","2022-11-18"
"even","15","7","26","2022-11-18","26","2022-11-18"
"even","15","8","29","2022-11-18","29","2022-11-18"
"even","15","9","32","2022-11-18","32","2022-11-18"
"even","15","10","38","2022-11-18","38","2022-11-18"
"even","15","11","44","2022-11-18","44","2022-11-18"
"even","15","12","50","2022-11-18","50","2022-11-18"
"even","15","13","55","2022-11-18","55","2022-11-18"
"even","15","14","59","2022-11-18","59","2022-11-18"
"even","15","15","65","2022-11-18","65","2022-11-18"
"even","15","16","73","2022-11-18","73","2022-11-18"
"even","15","17","76","2022-11-18","76","2022-11-18"
"even","15","18","81","2022-11-18","81","2022-11-18"
"even","15","19","85","2022-11-18","85","2022-11-18"
"even","15","20","95","2022-11-18","95","2022-11-18"
"even","15","21","104","2022-11-18","104","2022-11-18"
"even","15","22","108","2022-11-18","108","2022-11-18"
"even","15","23","114","2022-11-18","114","2022-11-18"
"even","15","24","124","2022-11-18","124","2022-11-18"
"even","15","25","130","2022-11-18","130","2022-11-18"
"even","15","26","140","2023-02-27","140","2023-02-27"
"even","15","27","146","2022-11-18","146","2022-11-18"
"even","15","28","148","2022-11-18","148","2022-11-18"
"even","15","29","152","2023-02-27","152","2022-11-30"
"even","15","30","158","2023-02-27","158","2023-02-27"
"even","15","31","165.328","2023-02-27","171","2022-11-30"
"even","15","32","173.369","2023-02-27","177","2022-11-30"
"even","16","1","5","2022-11-18","5","2022-11-18"
"even","16","2","6","2022-11-18","6","2022-11-18"
"even","16","3","13","2022-11-18","13","2022-11-18"
"even","16","4","18","2022-11-18","18","2022-11-18"
"even","16","5","21","2022-11-18","21","2022-11-18"
"even","16","6","28","2022-11-18","28","2022-11-18"
"even","16","7","36","2022-11-18","36","2022-11-18"
"even","16","8","37","2022-11-18","37","2022-11-18"
"even","16","9","43","2022-11-18","43","2022-11-18"
"even","16","10","44","2022-11-18","44","2022-11-18"
"even","16","11","52","2022-11-18","52","2022-11-18"
"even","16","12","58","2022-11-18","58","2022-11-18"
"even","16","13","62","2022-11-18","62","2022-11-18"
"even","16","14","65","2022-11-18","65","2022-11-18"
"even","16","15","71","2022-11-18","71","2022-11-18"
"even","16","16","75","2022-11-18","75","2022-11-18"
"even","16","17","85","2022-11-18","85","2022-11-18"
"even","16","18","93","2022-11-18","93","2022-11-18"
"even","16","19","98","2022-11-18","98","2022-11-18"
"even","16","20","104","2022-11-18","104","2022-11-18"
"even","16","21","108","2022-11-18","108","2022-11-18"
"even","16","22","109","2022-11-18","109","2022-11-18"
"even","16","23","112","2022-11-18","112","2022-11-18"
"even","16","24","114","2022-11-18","114","2022-11-18"
"even","16","25","118","2022-11-18","118","2022-11-18"
"even","16","26","120","2022-11-18","120","2022-11-18"
"even","16","27","127","2022-11-18","127","2022-11-18"
"even","16","28","133","2022-11-18","133","2022-11-18"
"even","16","29","135","2022-11-18","135","2022-11-18"
"even","16","30","140","2022-11-18","140","2022-11-18"
"even","16","31","143","2022-11-18","143","2022-11-18"
"even","16","32","150","2022-11-18","150","2022-11-18"
"even","17","1","9","2022-11-18","9","2022-11-18"
"even","17","2","11","2022-11-18","11","2022-11-18"
"even","17","3","18","2022-11-18","18","2022-11-18"
"even","17","4","22","2022-11-18","22","2022-11-18"
"even","17","5","30","2022-11-18","30","2022-11-18"
"even","17","6","37","2022-11-18","37","2022-11-18"
"even","17","7","39","2022-11-18","39","2022-11-18"
"even","17","8","44","2022-11-18","44","2022-11-18"
"even","17","9","46","2022-11-18","46","2022-11-18"
"even","17","10","54","2022-11-18","54","2022-11-18"
"even","17","11","57","2022-11-18","57","2022-11-18"
"even","17","12","63","2022-11-18","63","2022-11-18"
"even","17","13","69","2022-11-18","69","2022-11-18"
"even","17","14","71","2022-11-18","71","2022-11-18"
"even","17","15","76","2022-11-18","76","2022-11-18"
"even","17","16","80","2022-11-18","80","2022-11-18"
"even","17","17","86","2022-11-18","86","2022-11-18"
"even","17","18","89","2022-11-18","89","2022-11-18"
"even","17","19","96","2022-11-18","96","2022-11-18"
"even","17","20","105","2022-11-18","105","2022-11-18"
"even","17","21","107","2022-11-18","107","2022-11-18"
"even","17","22","109","2022-11-18","109","2022-11-18"
"even","17","23","113","2022-11-18","113","2022-11-18"
"even","17","24","116","2022-11-18","116","2022-11-18"
"even","17","25","122","2022-11-18","122","2022-11-18"
"even","17","26","127","2023-02-27","127","2023-02-27"
"even","17","27","133","2023-02-27","133","2023-02-27"
"even","17","28","137","2023-02-27","137","2022-11-30"
"even","17","29","150","2023-02-27","150","2023-02-27"
"even","17","30","159.562","2023-02-27","161","2022-11-30"
"even","17","31","163.476","2023-02-27","165","2022-11-30"
"even","17","32","142","2022-11-30","171","2022-11-30"
"even","18","1","2","2022-11-18","2","2022-11-18"
"even","18","2","4","2022-11-18","4","2022-11-18"
"even","18","3","12","2022-11-18","12","2022-11-18"
"even","18","4","16","2022-11-18","16","2022-11-18"
"even","18","5","21","2022-11-18","21","2022-11-18"
"even","18","6","27","2022-11-18","27","2022-11-18"
"even","18","7","33","2022-11-18","33","2022-11-18"
"even","18","8","41","2022-11-18","41","2022-11-18"
"even","18","9","45","2022-11-18","45","2022-11-18"
"even","18","10","52","2022-11-18","52","2022-11-18"
"even","18","11","56","2022-11-18","56","2022-11-18"
"even","18","12","58","2022-11-18","58","2022-11-18"
"even","18","13","66","2022-11-18","66","2022-11-18"
"even","18","14","74","2022-11-18","74","2022-11-18"
"even","18","15","81","2022-11-18","81","2022-11-18"
"even","18","16","82","2022-11-18","82","2022-11-18"
"even","18","17","93","2022-11-18","93","2022-11-18"
"even","18","18","97","2022-11-18","97","2022-11-18"
"even","18","19","102","2022-11-18","102","2022-11-18"
"even","18","20","107","2022-11-18","107","2022-11-18"
"even","18","21","109","2022-11-18","109","2022-11-18"
"even","18","22","111","2022-11-18","111","2022-11-18"
"even","18","23","112","2022-11-18","112","2022-11-18"
"even","18","24","121","2022-11-18","121","2022-11-18"
"even","18","25","126","2022-11-18","126","2022-11-18"
"even","18","26","130","2022-11-18","130","2022-11-18"
"even","18","27","135","2022-11-18","135","2022-11-18"
"even","18","28","143","2022-11-18","143","2022-11-18"
"even","18","29","148","2022-11-18","148","2022-11-18"
"even","18","30","157","2023-02-27","157","2023-02-27"
"even","18","31","165.177","2023-02-27","171","2022-11-30"
"even","18","32","177.716","2023-02-27","181","2022-11-30"
"even","19","1","5","2022-11-18","5","2022-11-18"
"even","19","2","7","2022-11-18","7","2022-11-18"
"even","19","3","11","2022-11-18","11","2022-11-18"
"even","19","4","13","2022-11-18","13","2022-11-18"
"even","19","5","20","2022-11-18","20","2022-11-18"
"even","19","6","29","2022-11-18","29","2022-11-18"
"even","19","7","37","2022-11-18","37","2022-11-18"
"even","19","8","39","2022-11-18","39","2022-11-18"
"even","19","9","40","2022-11-18","40","2022-11-18"
"even","19","10","42","2022-11-18","42","2022-11-18"
"even","19","11","43","2022-11-18","43","2022-11-18"
"even","19","12","50","2022-11-18","50","2022-11-18"
"even","19","13","52","2022-11-18","52","2022-11-18"
"even","19","14","55","2022-11-18","55","2022-11-18"
"even","19","15","61","2022-11-18","61","2022-11-18"
"even","19","16","71","2022-11-18","71","2022-11-18"
"even","19","17","78","2022-11-18","78","2022-11-18"
"even","19","18","81","2022-11-18","81","2022-11-18"
"even","19","19","88","2022-11-18","88","2022-11-18"
"even","19","20","92","2022-11-18","92","2022-11-18"
"even","19","21","98","2022-11-18","98","2022-11-18"
"even","19","22","102","2022-11-18","102","2022-11-18"
"even","19","23","109","2022-11-18","109","2022-11-18"
"even","19","24","117","2022-11-18","117","2022-11-18"
"even","19","25","120","2022-11-18","120","2022-11-18"
"even","19","26","124","2022-11-18","124","2022-11-18"
"even","19","27","133","2022-11-18","133","2022-11-18"
"even","19","28","145","2022-11-18","145","2022-11-18"
"even","19","29","153","2022-11-18","153","2022-11-18"
"even","19","30","156","2022-11-18","156","2022-11-18"
"even","19","31","163","2022-11-18","163","2022-11-18"
"even","19","32","166","2022-11-18","166","2022-11-18"
"even","20","1","3","2022-11-18","3","2022-11-18"
"even","20","2","9","2022-11-18","9","2022-11-18"
"even","20","3","15","2022-11-18","15","2022-11-18"
"even","20","4","20","2022-11-18","20","2022-11-18"
"even","20","5","23","2022-11-18","23","2022-11-18"
"even","20","6","28","2022-11-18","28","2022-11-18"
"even","20","7","30","2022-11-18","30","2022-11-18"
"even","20","8","35","2022-11-18","35","2022-11-18"
"even","20","9","41","2022-11-18","41","2022-11-18"
"even","20","10","44","2022-11-18","44","2022-11-18"
"even","20","11","53","2022-11-18","53","2022-11-18"
"even","20","12","57","2022-11-18","57","2022-11-18"
"even","20","13","63","2022-11-18","63","2022-11-18"
"even","20","14","69","2022-11-18","69","2022-11-18"
"even","20","15","73","2022-11-18","73","2022-11-18"
"even","20","16","75","2022-11-18","75","2022-11-18"
"even","20","17","81","2022-11-18","81","2022-11-18"
"even","20","18","84","2022-11-18","84","2022-11-18"
"even","20","19","90","2022-11-18","90","2022-11-18"
"even","20","20","92","2022-11-18","92","2022-11-18"
"even","20","21","93","2022-11-18","93","2022-11-18"
"even","20","22","95","2022-11-18","95","2022-11-18"
"even","20","23","98","2022-11-18","98","2022-11-18"
"even","20","24","102","2022-11-18","102","2022-11-18"
"even","20","25","109","2022-11-18","109","2022-11-18"
"even","20","26","113","2022-11-18","113","2022-11-18"
"even","20","27","119","2022-11-18","119","2022-11-18"
"even","20","28","123","2022-11-18","123","2022-11-18"
"even","20","29","129","2022-11-18","129","2022-11-18"
"even","20","30","133","2022-11-18","133","2022-11-18"
"even","20","31","144","2022-11-18","144","2022-11-18"
"even","20","32","151","2022-11-18","151","2022-11-18"
"even","21","1","6","2022-11-18","6","2022-11-18"
"even","21","2","13","2022-11-18","13","2022-11-18"
"even","21","3","19","2022-11-18","19","2022-11-18"
"even","21","4","27","2022-11-18","27","2022-11-18"
"even","21","5","36","2022-11-18","36","2022-11-18"
"even","21","6","39","2022-11-18","39","2022-11-18"
"even","21","7","44","2022-11-18","44","2022-11-18"
"even","21","8","52","2022-11-18","52","2022-11-18"
"even","21","9","54","2022-11-18","54","2022-11-18"
"even","21","10","56","2022-11-18","56","2022-11-18"
"even","21","11","60","2022-11-18","60","2022-11-18"
"even","21","12","68","2022-11-18","68","2022-11-18"
"even","21","13","70","2022-11-18","70","2022-11-18"
"even","21","14","73","2022-11-18","73","2022-11-18"
"even","21","15","74","2022-11-18","74","2022-11-18"
"even","21","16","77","2022-11-18","77","2022-11-18"
"even","21","17","83","2022-11-18","83","2022-11-18"
"even","21","18","86","2022-11-18","86","2022-11-18"
"even","21","19","94","2022-11-18","94","2022-11-18"
"even","21","20","103","2022-11-18","103","2022-11-18"
"even","21","21","111","2022-11-18","111","2022-11-18"
"even","21","22","119","2022-11-18","119","2022-11-18"
"even","21","23","126","2022-11-18","126","2022-11-18"
"even","21","24","129","2022-11-18","129","2022-11-18"
"even","21","25","133","2022-11-18","133","2022-11-18"
"even","21","26","138","2022-11-18","138","2022-11-18"
"even","21","27","147","2022-11-18","147","2022-11-18"
"even","21","28","154","2022-11-18","154","2022-11-18"
"even","21","29","163","2022-11-18","163","2022-11-18"
"even","21","30","169","2022-11-18","169","2022-11-18"
"even","21","31","178","2022-11-18","178","2022-11-18"
"even","21","32","184","2022-11-18","184","2022-11-18"
"even","22","1","4","2022-11-18","4","2022-11-18"
"even","22","2","9","2022-11-18","9","2022-11-18"
"even","22","3","12","2022-11-18","12","2022-11-18"
"even","22","4","17","2022-11-18","17","2022-11-18"
"even","22","5","22","2022-11-18","22","2022-11-18"
"even","22","6","23","2022-11-18","23","2022-11-18"
"even","22","7","30","2022-11-18","30","2022-11-18"
"even","22","8","31","2022-11-18","31","2022-11-18"
"even","22","9","36","2022-11-18","36","2022-11-18"
"even","22","10","42","2022-11-18","42","2022-11-18"
"even","22","11","46","2022-11-18","46","2022-11-18"
"even","22","12","48","2022-11-18","48","2022-11-18"
"even","22","13","50","2022-11-18","50","2022-11-18"
"even","22","14","55","2022-11-18","55","2022-11-18"
"even","22","15","61","2022-11-18","61","2022-11-18"
"even","22","16","68","2022-11-18","68","2022-11-18"
"even","22","17","72","2022-11-18","72","2022-11-18"
"even","22","18","78","2022-11-18","78","2022-11-18"
"even","22","19","84","2022-11-18","84","2022-11-18"
"even","22","20","94","2022-11-18","94","2022-11-18"
"even","22","21","102","2022-11-18","102","2022-11-18"
"even","22","22","106","2022-11-18","106","2022-11-18"
"even","22","23","111","2022-11-18","111","2022-11-18"
"even","22","24","116","2022-11-18","116","2022-11-18"
"even","22","25","121","2022-11-18","121","2022-11-18"
"even","22","26","128","2022-11-18","128","2022-11-18"
"even","22","27","138","2022-11-18","138","2022-11-18"
"even","22","28","148","2022-11-18","148","2022-11-18"
"even","22","29","150","2022-11-18","150","2022-11-18"
"even","22","30","154","2022-11-18","154","2022-11-18"
"even","22","31","159","2022-11-18","159","2022-11-18"
"even","22","32","163","2022-11-18","163","2022-11-18"
"even","23","1","1","2022-11-18","1","2022-11-18"
"even","23","2","8","2022-11-18","8","2022-11-18"
"even","23","3","15","2022-11-18","15","2022-11-18"
"even","23","4","21","2022-11-18","21","2022-11-18"
"even","23","5","26","2022-11-18","26","2022-11-18"
"even","23","6","29","2022-11-18","29","2022-11-18"
"even","23","7","31","2022-11-18","31","2022-11-18"
"even","23","8","37","2022-11-18","37","2022-11-18"
"even","23","9","44","2022-11-18","44","2022-11-18"
"even","23","10","47","2022-11-18","47","2022-11-18"
"even","23","11","52","2022-11-18","52","2022-11-18"
"even","23","12","55","2022-11-18","55","2022-11-18"
"even","23","13","58","2022-11-18","58","2022-11-18"
"even","23","14","62","2022-11-18","62","2022-11-18"
"even","23","15","66","2022-11-18","66","2022-11-18"
"even","23","16","69","2022-11-18","69","2022-11-18"
"even","23","17","75","2022-11-18","75","2022-11-18"
"even","23","18","77","2022-11-18","77","2022-11-18"
"even","23","19","81","2022-11-18","81","2022-11-18"
"even","23","20","86","2022-11-18","86","2022-11-18"
"even","23","21","93","2022-11-18","93","2022-11-18"
"even","23","22","98","2022-11-18","98","2022-11-18"
"even","23","23","102","2022-11-18","102","2022-11-18"
"even","23","24","104","2022-11-18","104","2022-11-18"
"even","23","25","114","2022-11-18","114","2022-11-18"
"even","23","26","120","2022-11-18","120","2022-11-18"
"even","23","27","123","2022-11-18","123","2022-11-18"
"even","23","28","134","2022-11-18","134","2022-11-18"
"even","23","29","143","2022-11-18","143","2022-11-18"
"even","23","30","153","2022-11-18","153","2022-11-18"
"even","23","31","160","2023-02-27","160","2022-11-30"
"even","23","32","168","2023-02-27","168","2023-02-27"
"even","24","1","9","2022-11-18","9","2022-11-18"
"even","24","2","11","2022-11-18","11","2022-11-18"
"even","24","3","15","2022-11-18","15","2022-11-18"
"even","24","4","20","2022-11-18","20","2022-11-18"
"even","24","5","31","2022-11-18","31","2022-11-18"
"even","24","6","39","2022-11-18","39","2022-11-18"
"even","24","7","42","2022-11-18","42","2022-11-18"
"even","24","8","43","2022-11-18","43","2022-11-18"
"even","24","9","47","2022-11-18","47","2022-11-18"
"even","24","10","50","2022-11-18","50","2022-11-18"
"even","24","11","58","2022-11-18","58","2022-11-18"
"even","24","12","67","2022-11-18","67","2022-11-18"
"even","24","13","70","2022-11-18","70","2022-11-18"
"even","24","14","79","2022-11-18","79","2022-11-18"
"even","24","15","82","2022-11-18","82","2022-11-18"
"even","24","16","85","2022-11-18","85","2022-11-18"
"even","24","17","96","2022-11-18","96","2022-11-18"
"even","24","18","102","2022-11-18","102","2022-11-18"
"even","24","19","103","2022-11-18","103","2022-11-18"
"even","24","20","108","2022-11-18","108","2022-11-18"
"even","24","21","113","2022-11-18","113","2022-11-18"
"even","24","22","121","2022-11-18","121","2022-11-18"
"even","24","23","124","2022-11-18","124","2022-11-18"
"even","24","24","127","2022-11-18","127","2022-11-18"
"even","24","25","130","2022-11-18","130","2022-11-18"
"even","24","26","141","2022-11-18","141","2022-11-18"
"even","24","27","144","2022-11-18","144","2022-11-18"
"even","24","28","150","2022-11-18","150","2022-11-18"
"even","24","29","158","2022-11-18","158","2022-11-18"
"even","24","30","165","2023-02-27","165","2022-11-30"
"even","24","31","173","2023-02-27","173","2022-11-30"
"even","24","32","180","2023-02-27","180","2023-02-27"
"even","25","1","6","2022-11-18","6","2022-11-18"
"even","25","2","17","2022-11-18","17","2022-11-18"
"even","25","3","28","2022-11-18","28","2022-11-18"
"even","25","4","35","2022-11-18","35","2022-11-18"
"even","25","5","37","2022-11-18","37","2022-11-18"
"even","25","6","43","2022-11-18","43","2022-11-18"
"even","25","7","44","2022-11-18","44","2022-11-18"
"even","25","8","47","2022-11-18","47","2022-11-18"
"even","25","9","49","2022-11-18","49","2022-11-18"
"even","25","10","57","2022-11-18","57","2022-11-18"
"even","25","11","62","2022-11-18","62","2022-11-18"
"even","25","12","65","2022-11-18","65","2022-11-18"
"even","25","13","66","2022-11-18","66","2022-11-18"
"even","25","14","69","2022-11-18","69","2022-11-18"
"even","25","15","77","2022-11-18","77","2022-11-18"
"even","25","16","80","2022-11-18","80","2022-11-18"
"even","25","17","90","2022-11-18","90","2022-11-18"
"even","25","18","99","2022-11-18","99","2022-11-18"
"even","25","19","109","2022-11-18","109","2022-11-18"
"even","25","20","114","2022-11-18","114","2022-11-18"
"even","25","21","119","2022-11-18","119","2022-11-18"
"even","25","22","125","2022-11-18","125","2022-11-18"
"even","25","23","127","2022-11-18","127","2022-11-18"
"even","25","24","140","2022-11-18","140","2022-11-18"
"even","25","25","143","2022-11-18","143","2022-11-18"
"even","25","26","148","2022-11-18","148","2022-11-18"
"even","25","27","156","2022-11-18","156","2022-11-18"
"even","25","28","160","2022-11-18","160","2022-11-18"
"even","25","29","167","2023-02-27","167","2023-02-27"
"even","25","30","171.357","2023-02-27","172","2022-11-30"
"even","25","31","175.194","2023-02-27","181","2022-11-30"
"even","25","32","160","2022-11-30","188","2022-11-30"
"random","1","1","6","2022-11-18","6","2022-11-18"
"random","1","2","10","2022-11-18","10","2022-11-18"
"random","1","3","16","2022-11-18","16","2022-11-18"
"random","1","4","22","2022-11-18","22","2022-11-18"
"random","1","5","27","2022-11-18","27","2022-11-18"
"random","1","6","30","2022-11-18","30","2022-11-18"
"random","1","7","38","2022-11-18","38","2022-11-18"
"random","1","8","45","2022-11-18","45","2022-11-18"
"random","1","9","50","2022-11-18","50","2022-11-18"
"random","1","10","55","2022-11-18","55","2022-11-18"
"random","1","11","60","2022-11-18","60","2022-11-18"
"random","1","12","64","2022-11-18","64","2022-11-18"
"random","1","13","71","2022-11-18","71","2022-11-18"
"random","1","14","75","2022-11-18","75","2022-11-18"
"random","1","15","76","2022-11-18","76","2022-11-18"
"random","1","16","81","2022-11-18","81","2022-11-18"
"random","1","17","85","2022-11-18","85","2022-11-18"
"random","1","18","94","2022-11-18","94","2022-11-18"
"random","1","19","98","2022-11-18","98","2022-11-18"
"random","1","20","100","2022-11-18","100","2022-11-18"
"random","1","21","106","2022-11-18","106","2022-11-18"
"random","1","22","112","2022-11-18","112","2022-11-18"
"random","1","23","119","2022-11-18","119","2022-11-18"
"random","1","24","123","2022-11-18","123","2022-11-18"
"random","1","25","127","2022-11-18","127","2022-11-18"
"random","1","26","134","2022-11-18","134","2022-11-18"
"random","1","27","136","2022-11-18","136","2022-11-18"
"random","1","28","154","2022-11-18","154","2022-11-18"
"random","1","29","158","2022-11-18","158","2022-11-18"
"random","1","30","167","2022-11-18","167","2022-11-18"
"random","1","31","170","2022-11-18","170","2022-11-18"
"random","1","32","178","2023-02-27","178","2023-02-27"
"random","2","1","4","2022-11-18","4","2022-11-18"
"random","2","2","11","2022-11-18","11","2022-11-18"
"random","2","3","17","2022-11-18","17","2022-11-18"
"random","2","4","19","2022-11-18","19","2022-11-18"
"random","2","5","25","2022-11-18","25","2022-11-18"
"random","2","6","28","2022-11-18","28","2022-11-18"
"random","2","7","30","2022-11-18","30","2022-11-18"
"random","2","8","35","2022-11-18","35","2022-11-18"
"random","2","9","40","2022-11-18","40","2022-11-18"
"random","2","10","48","2022-11-18","48","2022-11-18"
"random","2","11","50","2022-11-18","50","2022-11-18"
"random","2","12","54","2022-11-18","54","2022-11-18"
"random","2","13","56","2022-11-18","56","2022-11-18"
"random","2","14","60","2022-11-18","60","2022-11-18"
"random","2","15","67","2022-11-18","67","2022-11-18"
"random","2","16","71","2022-11-18","71","2022-11-18"
"random","2","17","80","2022-11-18","80","2022-11-18"
"random","2","18","83","2022-11-18","83","2022-11-18"
"random","2","19","85","2022-11-18","85","2022-11-18"
"random","2","20","94","2022-11-18","94","2022-11-18"
"random","2","21","100","2022-11-18","100","2022-11-18"
"random","2","22","107","2022-11-18","107","2022-11-18"
"random","2","23","110","2022-11-18","110","2022-11-18"
"random","2","24","117","2022-11-18","117","2022-11-18"
"random","2","25","119","2022-11-18","119","2022-11-18"
"random","2","26","123","2022-11-18","123","2022-11-18"
"random","2","27","127","2022-11-18","127","2022-11-18"
"random","2","28","131","2022-11-18","131","2022-11-18"
"random","2","29","138","2022-11-18","138","2022-11-18"
"random","2","30","145","2022-11-18","145","2022-11-18"
"random","2","31","152","2022-11-18","152","2022-11-18"
"random","2","32","170","2023-02-27","170","2022-11-30"
"random","3","1","6","2022-11-18","6","2022-11-18"
"random","3","2","13","2022-11-18","13","2022-11-18"
"random","3","3","19","2022-11-18","19","2022-11-18"
"random","3","4","21","2022-11-18","21","2022-11-18"
"random","3","5","24","2022-11-18","24","2022-11-18"
"random","3","6","29","2022-11-18","29","2022-11-18"
"random","3","7","38","2022-11-18","38","2022-11-18"
"random","3","8","45","2022-11-18","45","2022-11-18"
"random","3","9","51","2022-11-18","51","2022-11-18"
"random","3","10","57","2022-11-18","57","2022-11-18"
"random","3","11","59","2022-11-18","59","2022-11-18"
"random","3","12","61","2022-11-18","61","2022-11-18"
"random","3","13","62","2022-11-18","62","2022-11-18"
"random","3","14","64","2022-11-18","64","2022-11-18"
"random","3","15","66","2022-11-18","66","2022-11-18"
"random","3","16","74","2022-11-18","74","2022-11-18"
"random","3","17","78","2022-11-18","78","2022-11-18"
"random","3","18","81","2022-11-18","81","2022-11-18"
"random","3","19","86","2022-11-18","86","2022-11-18"
"random","3","20","88","2022-11-18","88","2022-11-18"
"random","3","21","92","2022-11-18","92","2022-11-18"
"random","3","22","101","2022-11-18","101","2022-11-18"
"random","3","23","110","2022-11-18","110","2022-11-18"
"random","3","24","116","2022-11-18","116","2022-11-18"
"random","3","25","127","2022-11-18","127","2022-11-18"
"random","3","26","130","2022-11-18","130","2022-11-18"
"random","3","27","134","2022-11-18","134","2022-11-18"
"random","3","28","148","2022-11-18","148","2022-11-18"
"random","3","29","154","2022-11-18","154","2022-11-18"
"random","3","30","162","2023-02-27","162","2023-02-27"
"random","3","31","168.167","2023-02-27","177","2022-11-30"
"random","3","32","183.136","2023-02-27","191","2022-11-30"
"random","4","1","4","2022-11-18","4","2022-11-18"
"random","4","2","8","2022-11-18","8","2022-11-18"
"random","4","3","14","2022-11-18","14","2022-11-18"
"random","4","4","20","2022-11-18","20","2022-11-18"
"random","4","5","25","2022-11-18","25","2022-11-18"
"random","4","6","29","2022-11-18","29","2022-11-18"
"random","4","7","31","2022-11-18","31","2022-11-18"
"random","4","8","38","2022-11-18","38","2022-11-18"
"random","4","9","40","2022-11-18","40","2022-11-18"
"random","4","10","44","2022-11-18","44","2022-11-18"
"random","4","11","53","2022-11-18","53","2022-11-18"
"random","4","12","56","2022-11-18","56","2022-11-18"
"random","4","13","57","2022-11-18","57","2022-11-18"
"random","4","14","61","2022-11-18","61","2022-11-18"
"random","4","15","63","2022-11-18","63","2022-11-18"
"random","4","16","66","2022-11-18","66","2022-11-18"
"random","4","17","69","2022-11-18","69","2022-11-18"
"random","4","18","72","2022-11-18","72","2022-11-18"
"random","4","19","78","2022-11-18","78","2022-11-18"
"random","4","20","81","2022-11-18","81","2022-11-18"
"random","4","21","87","2022-11-18","87","2022-11-18"
"random","4","22","94","2022-11-18","94","2022-11-18"
"random","4","23","101","2022-11-18","101","2022-11-18"
"random","4","24","103","2022-11-18","103","2022-11-18"
"random","4","25","107","2022-11-18","107","2022-11-18"
"random","4","26","117","2022-11-18","117","2022-11-18"
"random","4","27","122","2022-11-18","122","2022-11-18"
"random","4","28","125","2022-11-18","125","2022-11-18"
"random","4","29","129","2022-11-18","129","2022-11-18"
"random","4","30","136","2022-11-18","136","2022-11-18"
"random","4","31","145","2022-11-18","145","2022-11-18"
"random","4","32","151","2022-11-18","151","2022-11-18"
"random","5","1","4","2022-11-18","4","2022-11-18"
"random","5","2","10","2022-11-18","10","2022-11-18"
"random","5","3","16","2022-11-18","16","2022-11-18"
"random","5","4","22","2022-11-18","22","2022-11-18"
"random","5","5","30","2022-11-18","30","2022-11-18"
"random","5","6","39","2022-11-18","39","2022-11-18"
"random","5","7","41","2022-11-18","41","2022-11-18"
"random","5","8","45","2022-11-18","45","2022-11-18"
"random","5","9","48","2022-11-18","48","2022-11-18"
"random","5","10","51","2022-11-18","51","2022-11-18"
"random","5","11","53","2022-11-18","53","2022-11-18"
"random","5","12","57","2022-11-18","57","2022-11-18"
"random","5","13","65","2022-11-18","65","2022-11-18"
"random","5","14","69","2022-11-18","69","2022-11-18"
"random","5","15","77","2022-11-18","77","2022-11-18"
"random","5","16","79","2022-11-18","79","2022-11-18"
"random","5","17","84","2022-11-18","84","2022-11-18"
"random","5","18","88","2022-11-18","88","2022-11-18"
"random","5","19","92","2022-11-18","92","2022-11-18"
"random","5","20","95","2022-11-18","95","2022-11-18"
"random","5","21","100","2022-11-18","100","2022-11-18"
"random","5","22","107","2022-11-18","107","2022-11-18"
"random","5","23","119","2022-11-18","119","2022-11-18"
"random","5","24","124","2022-11-18","124","2022-11-18"
"random","5","25","127","2022-11-18","127","2022-11-18"
"random","5","26","134","2022-11-18","134","2022-11-18"
"random","5","27","136","2022-11-18","136","2022-11-18"
"random","5","28","145","2022-11-18","145","2022-11-18"
"random","5","29","154","2023-02-27","154","2023-02-27"
"random","5","30","166","2023-02-27","166","2022-11-30"
"random","5","31","169.765","2023-02-27","178","2022-11-30"
"random","5","32","178","2023-02-27","178","2022-11-30"
"random","6","1","4","2022-11-18","4","2022-11-18"
"random","6","2","6","2022-11-18","6","2022-11-18"
"random","6","3","16","2022-11-18","16","2022-11-18"
"random","6","4","23","2022-11-18","23","2022-11-18"
"random","6","5","27","2022-11-18","27","2022-11-18"
"random","6","6","29","2022-11-18","29","2022-11-18"
"random","6","7","34","2022-11-18","34","2022-11-18"
"random","6","8","39","2022-11-18","39","2022-11-18"
"random","6","9","42","2022-11-18","42","2022-11-18"
"random","6","10","46","2022-11-18","46","2022-11-18"
"random","6","11","49","2022-11-18","49","2022-11-18"
"random","6","12","54","2022-11-18","54","2022-11-18"
"random","6","13","61","2022-11-18","61","2022-11-18"
"random","6","14","64","2022-11-18","64","2022-11-18"
"random","6","15","73","2022-11-18","73","2022-11-18"
"random","6","16","83","2022-11-18","83","2022-11-18"
"random","6","17","94","2022-11-18","94","2022-11-18"
"random","6","18","96","2022-11-18","96","2022-11-18"
"random","6","19","103","2022-11-18","103","2022-11-18"
"random","6","20","109","2022-11-18","109","2022-11-18"
"random","6","21","116","2022-11-18","116","2022-11-18"
"random","6","22","126","2022-11-18","126","2022-11-18"
"random","6","23","132","2022-11-18","132","2022-11-18"
"random","6","24","143","2022-11-18","143","2022-11-18"
"random","6","25","149","2022-11-18","149","2022-11-18"
"random","6","26","152","2022-11-18","152","2022-11-18"
"random","6","27","159","2022-11-18","159","2022-11-18"
"random","6","28","164","2022-11-18","164","2022-11-18"
"random","6","29","168","2022-11-18","168","2022-11-18"
"random","6","30","173","2022-11-18","173","2022-11-18"
"random","6","31","177","2022-11-18","177","2022-11-18"
"random","6","32","183","2023-02-27","183","2023-02-27"
"random","7","1","8","2022-11-18","8","2022-11-18"
"random","7","2","13","2022-11-18","13","2022-11-18"
"random","7","3","18","2022-11-18","18","2022-11-18"
"random","7","4","23","2022-11-18","23","2022-11-18"
"random","7","5","27","2022-11-18","27","2022-11-18"
"random","7","6","32","2022-11-18","32","2022-11-18"
"random","7","7","33","2022-11-18","33","2022-11-18"
"random","7","8","37","2022-11-18","37","2022-11-18"
"random","7","9","44","2022-11-18","44","2022-11-18"
"random","7","10","49","2022-11-18","49","2022-11-18"
"random","7","11","52","2022-11-18","52","2022-11-18"
"random","7","12","55","2022-11-18","55","2022-11-18"
"random","7","13","68","2022-11-18","68","2022-11-18"
"random","7","14","75","2022-11-18","75","2022-11-18"
"random","7","15","82","2022-11-18","82","2022-11-18"
"random","7","16","86","2022-11-18","86","2022-11-18"
"random","7","17","94","2022-11-18","94","2022-11-18"
"random","7","18","96","2022-11-18","96","2022-11-18"
"random","7","19","102","2022-11-18","102","2022-11-18"
"random","7","20","103","2022-11-18","103","2022-11-18"
"random","7","21","107","2022-11-18","107","2022-11-18"
"random","7","22","113","2022-11-18","113","2022-11-18"
"random","7","23","121","2022-11-18","121","2022-11-18"
"random","7","24","127","2022-11-18","127","2022-11-18"
"random","7","25","132","2022-11-18","132","2022-11-18"
"random","7","26","137","2022-11-18","137","2022-11-18"
"random","7","27","141","2022-11-18","141","2022-11-18"
"random","7","28","152","2022-11-18","152","2022-11-18"
"random","7","29","155","2022-11-18","155","2022-11-18"
"random","7","30","160","2022-11-18","160","2022-11-18"
"random","7","31","166","2022-11-18","166","2022-11-18"
"random","7","32","178","2023-02-27","178","2023-02-27"
"random","8","1","6","2022-11-18","6","2022-11-18"
"random","8","2","12","2022-11-18","12","2022-11-18"
"random","8","3","16","2022-11-18","16","2022-11-18"
"random","8","4","23","2022-11-18","23","2022-11-18"
"random","8","5","28","2022-11-18","28","2022-11-18"
"random","8","6","32","2022-11-18","32","2022-11-18"
"random","8","7","35","2022-11-18","35","2022-11-18"
"random","8","8","44","2022-11-18","44","2022-11-18"
"random","8","9","49","2022-11-18","49","2022-11-18"
"random","8","10","51","2022-11-18","51","2022-11-18"
"random","8","11","57","2022-11-18","57","2022-11-18"
"random","8","12","59","2022-11-18","59","2022-11-18"
"random","8","13","60","2022-11-18","60","2022-11-18"
"random","8","14","63","2022-11-18","63","2022-11-18"
"random","8","15","69","2022-11-18","69","2022-11-18"
"random","8","16","76","2022-11-18","76","2022-11-18"
"random","8","17","78","2022-11-18","78","2022-11-18"
"random","8","18","92","2022-11-18","92","2022-11-18"
"random","8","19","98","2022-11-18","98","2022-11-18"
"random","8","20","102","2022-11-18","102","2022-11-18"
"random","8","21","109","2022-11-18","109","2022-11-18"
"random","8","22","118","2022-11-18","118","2022-11-18"
"random","8","23","123","2022-11-18","123","2022-11-18"
"random","8","24","133","2022-11-18","133","2022-11-18"
"random","8","25","141","2022-11-18","141","2022-11-18"
"random","8","26","148","2022-11-18","148","2022-11-18"
"random","8","27","153","2022-11-18","153","2022-11-18"
"random","8","28","161","2022-11-18","161","2022-11-18"
"random","8","29","169","2023-02-27","169","2023-02-27"
"random","8","30","179.362","2023-02-27","185","2022-11-30"
"random","8","31","181.149","2023-02-27","189","2022-11-30"
"random","8","32","158","2022-11-30","190","2022-11-30"
"random","9","1","6","2022-11-18","6","2022-11-18"
"random","9","2","10","2022-11-18","10","2022-11-18"
"random","9","3","12","2022-11-18","12","2022-11-18"
"random","9","4","22","2022-11-18","22","2022-11-18"
"random","9","5","33","2022-11-18","33","2022-11-18"
"random","9","6","39","2022-11-18","39","2022-11-18"
"random","9","7","42","2022-11-18","42","2022-11-18"
"random","9","8","47","2022-11-18","47","2022-11-18"
"random","9","9","55","2022-11-18","55","2022-11-18"
"random","9","10","61","2022-11-18","61","2022-11-18"
"random","9","11","66","2022-11-18","66","2022-11-18"
"random","9","12","73","2022-11-18","73","2022-11-18"
"random","9","13","83","2022-11-18","83","2022-11-18"
"random","9","14","87","2022-11-18","87","2022-11-18"
"random","9","15","91","2022-11-18","91","2022-11-18"
"random","9","16","98","2022-11-18","98","2022-11-18"
"random","9","17","104","2022-11-18","104","2022-11-18"
"random","9","18","114","2022-11-18","114","2022-11-18"
"random","9","19","121","2022-11-18","121","2022-11-18"
"random","9","20","123","2022-11-18","123","2022-11-18"
"random","9","21","129","2022-11-18","129","2022-11-18"
"random","9","22","139","2022-11-18","139","2022-11-18"
"random","9","23","144","2022-11-18","144","2022-11-18"
"random","9","24","148","2022-11-18","148","2022-11-18"
"random","9","25","150","2022-11-18","150","2022-11-18"
"random","9","26","159","2022-11-18","159","2022-11-18"
"random","9","27","168","2022-11-18","168","2022-11-18"
"random","9","28","171","2022-11-18","171","2022-11-18"
"random","9","29","176","2023-02-27","176","2023-02-27"
"random","9","30","182","2022-11-18","182","2022-11-18"
"random","9","31","187","2023-02-27","187","2023-02-27"
"random","9","32","191","2023-02-27","191","2023-02-27"
"random","10","1","9","2022-11-18","9","2022-11-18"
"random","10","2","13","2022-11-18","13","2022-11-18"
"random","10","3","21","2022-11-18","21","2022-11-18"
"random","10","4","23","2022-11-18","23","2022-11-18"
"random","10","5","29","2022-11-18","29","2022-11-18"
"random","10","6","33","2022-11-18","33","2022-11-18"
"random","10","7","36","2022-11-18","36","2022-11-18"
"random","10","8","42","2022-11-18","42","2022-11-18"
"random","10","9","45","2022-11-18","45","2022-11-18"
"random","10","10","53","2022-11-18","53","2022-11-18"
"random","10","11","57","2022-11-18","57","2022-11-18"
"random","10","12","62","2022-11-18","62","2022-11-18"
"random","10","13","70","2022-11-18","70","2022-11-18"
"random","10","14","74","2022-11-18","74","2022-11-18"
"random","10","15","82","2022-11-18","82","2022-11-18"
"random","10","16","89","2022-11-18","89","2022-11-18"
"random","10","17","98","2022-11-18","98","2022-11-18"
"random","10","18","103","2022-11-18","103","2022-11-18"
"random","10","19","114","2022-11-18","114","2022-11-18"
"random","10","20","119","2022-11-18","119","2022-11-18"
"random","10","21","125","2022-11-18","125","2022-11-18"
"random","10","22","132","2022-11-18","132","2022-11-18"
"random","10","23","140","2022-11-18","140","2022-11-18"
"random","10","24","145","2022-11-18","145","2022-11-18"
"random","10","25","150","2022-11-18","150","2022-11-18"
"random","10","26","159","2022-11-18","159","2022-11-18"
"random","10","27","163","2023-02-27","163","2023-02-27"
"random","10","28","170","2023-02-27","170","2023-02-27"
"random","10","29","178","2023-02-27","178","2023-02-27"
"random","10","30","190","2023-02-27","190","2023-02-27"
"random","10","31","195","2023-02-27","195","2023-02-27"
"random","10","32","197","2023-02-27","197","2023-02-27"
"random","11","1","7","2022-11-18","7","2022-11-18"
"random","11","2","10","2022-11-18","10","2022-11-18"
"random","11","3","19","2022-11-18","19","2022-11-18"
"random","11","4","22","2022-11-18","22","2022-11-18"
"random","11","5","26","2022-11-18","26","2022-11-18"
"random","11","6","31","2022-11-18","31","2022-11-18"
"random","11","7","33","2022-11-18","33","2022-11-18"
"random","11","8","37","2022-11-18","37","2022-11-18"
"random","11","9","43","2022-11-18","43","2022-11-18"
"random","11","10","47","2022-11-18","47","2022-11-18"
"random","11","11","55","2022-11-18","55","2022-11-18"
"random","11","12","60","2022-11-18","60","2022-11-18"
"random","11","13","67","2022-11-18","67","2022-11-18"
"random","11","14","73","2022-11-18","73","2022-11-18"
"random","11","15","75","2022-11-18","75","2022-11-18"
"random","11","16","82","2022-11-18","82","2022-11-18"
"random","11","17","84","2022-11-18","84","2022-11-18"
"random","11","18","93","2022-11-18","93","2022-11-18"
"random","11","19","101","2022-11-18","101","2022-11-18"
"random","11","20","110","2022-11-18","110","2022-11-18"
"random","11","21","113","2022-11-18","113","2022-11-18"
"random","11","22","117","2022-11-18","117","2022-11-18"
"random","11","23","121","2022-11-18","121","2022-11-18"
"random","11","24","125","2022-11-18","125","2022-11-18"
"random","11","25","128","2022-11-18","128","2022-11-18"
"random","11","26","135","2022-11-18","135","2022-11-18"
"random","11","27","137","2022-11-18","137","2022-11-18"
"random","11","28","149","2022-11-18","149","2022-11-18"
"random","11","29","151","2022-11-18","151","2022-11-18"
"random","11","30","157","2023-02-27","157","2023-02-27"
"random","11","31","166","2023-02-27","166","2023-02-27"
"random","11","32","172","2023-02-27","172","2023-02-27"
"random","12","1","7","2022-11-18","7","2022-11-18"
"random","12","2","10","2022-11-18","10","2022-11-18"
"random","12","3","13","2022-11-18","13","2022-11-18"
"random","12","4","15","2022-11-18","15","2022-11-18"
"random","12","5","19","2022-11-18","19","2022-11-18"
"random","12","6","25","2022-11-18","25","2022-11-18"
"random","12","7","27","2022-11-18","27","2022-11-18"
"random","12","8","32","2022-11-18","32","2022-11-18"
"random","12","9","35","2022-11-18","35","2022-11-18"
"random","12","10","39","2022-11-18","39","2022-11-18"
"random","12","11","43","2022-11-18","43","2022-11-18"
"random","12","12","55","2022-11-18","55","2022-11-18"
"random","12","13","63","2022-11-18","63","2022-11-18"
"random","12","14","66","2022-11-18","66","2022-11-18"
"random","12","15","70","2022-11-18","70","2022-11-18"
"random","12","16","75","2022-11-18","75","2022-11-18"
"random","12","17","77","2022-11-18","77","2022-11-18"
"random","12","18","79","2022-11-18","79","2022-11-18"
"random","12","19","86","2022-11-18","86","2022-11-18"
"random","12","20","93","2022-11-18","93","2022-11-18"
"random","12","21","97","2022-11-18","97","2022-11-18"
"random","12","22","104","2022-11-18","104","2022-11-18"
"random","12","23","113","2022-11-18","113","2022-11-18"
"random","12","24","115","2022-11-18","115","2022-11-18"
"random","12","25","121","2022-11-18","121","2022-11-18"
"random","12","26","130","2022-11-18","130","2022-11-18"
"random","12","27","136","2022-11-18","136","2022-11-18"
"random","12","28","143","2022-11-18","143","2022-11-18"
"random","12","29","153","2022-11-18","153","2022-11-18"
"random","12","30","157","2022-11-18","157","2022-11-18"
"random","12","31","162","2022-11-18","162","2022-11-18"
"random","12","32","170","2022-11-18","170","2022-11-18"
"random","13","1","1","2022-11-18","1","2022-11-18"
"random","13","2","6","2022-11-18","6","2022-11-18"
"random","13","3","15","2022-11-18","15","2022-11-18"
"random","13","4","19","2022-11-18","19","2022-11-18"
"random","13","5","22","2022-11-18","22","2022-11-18"
"random","13","6","29","2022-11-18","29","2022-11-18"
"random","13","7","31","2022-11-18","31","2022-11-18"
"random","13","8","36","2022-11-18","36","2022-11-18"
"random","13","9","37","2022-11-18","37","2022-11-18"
"random","13","10","41","2022-11-18","41","2022-11-18"
"random","13","11","47","2022-11-18","47","2022-11-18"
"random","13","12","50","2022-11-18","50","2022-11-18"
"random","13","13","59","2022-11-18","59","2022-11-18"
"random","13","14","62","2022-11-18","62","2022-11-18"
"random","13","15","66","2022-11-18","66","2022-11-18"
"random","13","16","68","2022-11-18","68","2022-11-18"
"random","13","17","77","2022-11-18","77","2022-11-18"
"random","13","18","79","2022-11-18","79","2022-11-18"
"random","13","19","88","2022-11-18","88","2022-11-18"
"random","13","20","99","2022-11-18","99","2022-11-18"
"random","13","21","102","2022-11-18","102","2022-11-18"
"random","13","22","110","2022-11-18","110","2022-11-18"
"random","13","23","115","2022-11-18","115","2022-11-18"
"random","13","24","118","2022-11-18","118","2022-11-18"
"random","13","25","125","2022-11-18","125","2022-11-18"
"random","13","26","129","2022-11-18","129","2022-11-18"
"random","13","27","137","2022-11-18","137","2022-11-18"
"random","13","28","145","2022-11-18","145","2022-11-18"
"random","13","29","151","2022-11-18","151","2022-11-18"
"random","13","30","157","2023-02-27","157","2022-11-30"
"random","13","31","165","2023-02-27","165","2023-02-27"
"random","13","32","172","2023-02-27","172","2023-02-27"
"random","14","1","4","2022-11-18","4","2022-11-18"
"random","14","2","9","2022-11-18","9","2022-11-18"
"random","14","3","14","2022-11-18","14","2022-11-18"
"random","14","4","22","2022-11-18","22","2022-11-18"
"random","14","5","29","2022-11-18","29","2022-11-18"
"random","14","6","32","2022-11-18","32","2022-11-18"
"random","14","7","38","2022-11-18","38","2022-11-18"
"random","14","8","42","2022-11-18","42","2022-11-18"
"random","14","9","49","2022-11-18","49","2022-11-18"
"random","14","10","51","2022-11-18","51","2022-11-18"
"random","14","11","57","2022-11-18","57","2022-11-18"
"random","14","12","59","2022-11-18","59","2022-11-18"
"random","14","13","64","2022-11-18","64","2022-11-18"
"random","14","14","67","2022-11-18","67","2022-11-18"
"random","14","15","71","2022-11-18","71","2022-11-18"
"random","14","16","77","2022-11-18","77","2022-11-18"
"random","14","17","79","2022-11-18","79","2022-11-18"
"random","14","18","82","2022-11-18","82","2022-11-18"
"random","14","19","86","2022-11-18","86","2022-11-18"
"random","14","20","89","2022-11-18","89","2022-11-18"
"random","14","21","95","2022-11-18","95","2022-11-18"
"random","14","22","108","2022-11-18","108","2022-11-18"
"random","14","23","112","2022-11-18","112","2022-11-18"
"random","14","24","123","2022-11-18","123","2022-11-18"
"random","14","25","128","2022-11-18","128","2022-11-18"
"random","14","26","130","2022-11-18","130","2022-11-18"
"random","14","27","138","2022-11-18","138","2022-11-18"
"random","14","28","142","2023-02-27","142","2022-11-30"
"random","14","29","153","2023-02-27","153","2022-11-30"
"random","14","30","156","2023-02-27","156","2023-02-27"
"random","14","31","158","2023-02-27","158","2023-02-27"
"random","14","32","166.5","2023-02-27","172","2022-11-30"
"random","15","1","3","2022-11-18","3","2022-11-18"
"random","15","2","5","2022-11-18","5","2022-11-18"
"random","15","3","12","2022-11-18","12","2022-11-18"
"random","15","4","15","2022-11-18","15","2022-11-18"
"random","15","5","21","2022-11-18","21","2022-11-18"
"random","15","6","23","2022-11-18","23","2022-11-18"
"random","15","7","25","2022-11-18","25","2022-11-18"
"random","15","8","28","2022-11-18","28","2022-11-18"
"random","15","9","30","2022-11-18","30","2022-11-18"
"random","15","10","37","2022-11-18","37","2022-11-18"
"random","15","11","44","2022-11-18","44","2022-11-18"
"random","15","12","48","2022-11-18","48","2022-11-18"
"random","15","13","50","2022-11-18","50","2022-11-18"
"random","15","14","53","2022-11-18","53","2022-11-18"
"random","15","15","55","2022-11-18","55","2022-11-18"
"random","15","16","64","2022-11-18","64","2022-11-18"
"random","15","17","72","2022-11-18","72","2022-11-18"
"random","15","18","77","2022-11-18","77","2022-11-18"
"random","15","19","81","2022-11-18","81","2022-11-18"
"random","15","20","86","2022-11-18","86","2022-11-18"
"random","15","21","93","2022-11-18","93","2022-11-18"
"random","15","22","98","2022-11-18","98","2022-11-18"
"random","15","23","104","2022-11-18","104","2022-11-18"
"random","15","24","112","2022-11-18","112","2022-11-18"
"random","15","25","114","2022-11-18","114","2022-11-18"
"random","15","26","118","2022-11-18","118","2022-11-18"
"random","15","27","122","2022-11-18","122","2022-11-18"
"random","15","28","128","2022-11-18","128","2022-11-18"
"random","15","29","136","2022-11-18","136","2022-11-18"
"random","15","30","141","2022-11-18","141","2022-11-18"
"random","15","31","146","2022-11-18","146","2022-11-18"
"random","15","32","152","2022-11-18","152","2022-11-18"
"random","16","1","2","2022-11-18","2","2022-11-18"
"random","16","2","6","2022-11-18","6","2022-11-18"
"random","16","3","9","2022-11-18","9","2022-11-18"
"random","16","4","12","2022-11-18","12","2022-11-18"
"random","16","5","17","2022-11-18","17","2022-11-18"
"random","16","6","19","2022-11-18","19","2022-11-18"
"random","16","7","25","2022-11-18","25","2022-11-18"
"random","16","8","31","2022-11-18","31","2022-11-18"
"random","16","9","38","2022-11-18","38","2022-11-18"
"random","16","10","45","2022-11-18","45","2022-11-18"
"random","16","11","48","2022-11-18","48","2022-11-18"
"random","16","12","56","2022-11-18","56","2022-11-18"
"random","16","13","63","2022-11-18","63","2022-11-18"
"random","16","14","66","2022-11-18","66","2022-11-18"
"random","16","15","73","2022-11-18","73","2022-11-18"
"random","16","16","77","2022-11-18","77","2022-11-18"
"random","16","17","87","2022-11-18","87","2022-11-18"
"random","16","18","96","2022-11-18","96","2022-11-18"
"random","16","19","97","2022-11-18","97","2022-11-18"
"random","16","20","102","2022-11-18","102","2022-11-18"
"random","16","21","113","2022-11-18","113","2022-11-18"
"random","16","22","118","2022-11-18","118","2022-11-18"
"random","16","23","121","2022-11-18","121","2022-11-18"
"random","16","24","126","2022-11-18","126","2022-11-18"
"random","16","25","132","2022-11-18","132","2022-11-18"
"random","16","26","142","2022-11-18","142","2022-11-18"
"random","16","27","151","2022-11-18","151","2022-11-18"
"random","16","28","156","2022-11-18","156","2022-11-18"
"random","16","29","162","2023-02-27","162","2023-02-27"
"random","16","30","171","2023-02-27","171","2023-02-27"
"random","16","31","176","2023-02-27","176","2023-02-27"
"random","16","32","178","2023-02-27","178","2023-02-27"
"random","17","1","1","2022-11-18","1","2022-11-18"
"random","17","2","5","2022-11-18","5","2022-11-18"
"random","17","3","7","2022-11-18","7","2022-11-18"
"random","17","4","14","2022-11-18","14","2022-11-18"
"random","17","5","18","2022-11-18","18","2022-11-18"
"random","17","6","21","2022-11-18","21","2022-11-18"
"random","17","7","27","2022-11-18","27","2022-11-18"
"random","17","8","36","2022-11-18","36","2022-11-18"
"random","17","9","40","2022-11-18","40","2022-11-18"
"random","17","10","44","2022-11-18","44","2022-11-18"
"random","17","11","51","2022-11-18","51","2022-11-18"
"random","17","12","55","2022-11-18","55","2022-11-18"
"random","17","13","58","2022-11-18","58","2022-11-18"
"random","17","14","65","2022-11-18","65","2022-11-18"
"random","17","15","68","2022-11-18","68","2022-11-18"
"random","17","16","70","2022-11-18","70","2022-11-18"
"random","17","17","76","2022-11-18","76","2022-11-18"
"random","17","18","85","2022-11-18","85","2022-11-18"
"random","17","19","91","2022-11-18","91","2022-11-18"
"random","17","20","100","2022-11-18","100","2022-11-18"
"random","17","21","103","2022-11-18","103","2022-11-18"
"random","17","22","114","2022-11-18","114","2022-11-18"
"random","17","23","119","2022-11-18","119","2022-11-18"
"random","17","24","120","2022-11-18","120","2022-11-18"
"random","17","25","131","2022-11-18","131","2022-11-18"
"random","17","26","136","2022-11-18","136","2022-11-18"
"random","17","27","138","2022-11-18","138","2022-11-18"
"random","17","28","145","2022-11-18","145","2022-11-18"
"random","17","29","153","2022-11-18","153","2022-11-18"
"random","17","30","164","2023-02-27","164","2023-02-27"
"random","17","31","169","2023-02-27","169","2023-02-27"
"random","17","32","170.728","2023-02-27","178","2022-11-30"
"random","18","1","13","2022-11-18","13","2022-11-18"
"random","18","2","16","2022-11-18","16","2022-11-18"
"random","18","3","18","2022-11-18","18","2022-11-18"
"random","18","4","22","2022-11-18","22","2022-11-18"
"random","18","5","27","2022-11-18","27","2022-11-18"
"random","18","6","29","2022-11-18","29","2022-11-18"
"random","18","7","37","2022-11-18","37","2022-11-18"
"random","18","8","43","2022-11-18","43","2022-11-18"
"random","18","9","49","2022-11-18","49","2022-11-18"
"random","18","10","56","2022-11-18","56","2022-11-18"
"random","18","11","58","2022-11-18","58","2022-11-18"
"random","18","12","61","2022-11-18","61","2022-11-18"
"random","18","13","68","2022-11-18","68","2022-11-18"
"random","18","14","74","2022-11-18","74","2022-11-18"
"random","18","15","83","2022-11-18","83","2022-11-18"
"random","18","16","89","2022-11-18","89","2022-11-18"
"random","18","17","94","2022-11-18","94","2022-11-18"
"random","18","18","96","2022-11-18","96","2022-11-18"
"random","18","19","99","2022-11-18","99","2022-11-18"
"random","18","20","101","2022-11-18","101","2022-11-18"
"random","18","21","106","2022-11-18","106","2022-11-18"
"random","18","22","119","2022-11-18","119","2022-11-18"
"random","18","23","125","2022-11-18","125","2022-11-18"
"random","18","24","135","2022-11-18","135","2022-11-18"
"random","18","25","144","2023-02-27","144","2022-11-30"
"random","18","26","153","2023-02-27","153","2023-02-27"
"random","18","27","155","2023-02-27","155","2022-11-30"
"random","18","28","159","2023-02-27","159","2022-11-30"
"random","18","29","166","2023-02-27","166","2022-11-30"
"random","18","30","173","2023-02-27","173","2022-11-30"
"random","18","31","178","2023-02-27","178","2023-02-27"
"random","18","32","185","2023-02-27","185","2023-02-27"
"random","19","1","3","2022-11-18","3","2022-11-18"
"random","19","2","9","2022-11-18","9","2022-11-18"
"random","19","3","13","2022-11-18","13","2022-11-18"
"random","19","4","17","2022-11-18","17","2022-11-18"
"random","19","5","22","2022-11-18","22","2022-11-18"
"random","19","6","24","2022-11-18","24","2022-11-18"
"random","19","7","30","2022-11-18","30","2022-11-18"
"random","19","8","32","2022-11-18","32","2022-11-18"
"random","19","9","39","2022-11-18","39","2022-11-18"
"random","19","10","44","2022-11-18","44","2022-11-18"
"random","19","11","50","2022-11-18","50","2022-11-18"
"random","19","12","56","2022-11-18","56","2022-11-18"
"random","19","13","62","2022-11-18","62","2022-11-18"
"random","19","14","65","2022-11-18","65","2022-11-18"
"random","19","15","72","2022-11-18","72","2022-11-18"
"random","19","16","86","2022-11-18","86","2022-11-18"
"random","19","17","94","2022-11-18","94","2022-11-18"
"random","19","18","99","2022-11-18","99","2022-11-18"
"random","19","19","102","2022-11-18","102","2022-11-18"
"random","19","20","106","2022-11-18","106","2022-11-18"
"random","19","21","117","2022-11-18","117","2022-11-18"
"random","19","22","122","2022-11-18","122","2022-11-18"
"random","19","23","128","2022-11-18","128","2022-11-18"
"random","19","24","135","2022-11-18","135","2022-11-18"
"random","19","25","145","2022-11-18","145","2022-11-18"
"random","19","26","153","2022-11-18","153","2022-11-18"
"random","19","27","158","2022-11-18","158","2022-11-18"
"random","19","28","162","2022-11-18","162","2022-11-18"
"random","19","29","164","2022-11-18","164","2022-11-18"
"random","19","30","173","2023-02-27","173","2023-02-27"
"random","19","31","180","2023-02-27","180","2023-02-27"
"random","19","32","185","2023-02-27","185","2023-02-27"
"random","20","1","2","2022-11-18","2","2022-11-18"
"random","20","2","13","2022-11-18","13","2022-11-18"
"random","20","3","16","2022-11-18","16","2022-11-18"
"random","20","4","20","2022-11-18","20","2022-11-18"
"random","20","5","28","2022-11-18","28","2022-11-18"
"random","20","6","34","2022-11-18","34","2022-11-18"
"random","20","7","40","2022-11-18","40","2022-11-18"
"random","20","8","46","2022-11-18","46","2022-11-18"
"random","20","9","55","2022-11-18","55","2022-11-18"
"random","20","10","60","2022-11-18","60","2022-11-18"
"random","20","11","69","2022-11-18","69","2022-11-18"
"random","20","12","76","2022-11-18","76","2022-11-18"
"random","20","13","78","2022-11-18","78","2022-11-18"
"random","20","14","80","2022-11-18","80","2022-11-18"
"random","20","15","89","2022-11-18","89","2022-11-18"
"random","20","16","95","2022-11-18","95","2022-11-18"
"random","20","17","97","2022-11-18","97","2022-11-18"
"random","20","18","107","2022-11-18","107","2022-11-18"
"random","20","19","111","2022-11-18","111","2022-11-18"
"random","20","20","121","2022-11-18","121","2022-11-18"
"random","20","21","126","2022-11-18","126","2022-11-18"
"random","20","22","135","2022-11-18","135","2022-11-18"
"random","20","23","139","2022-11-18","139","2022-11-18"
"random","20","24","146","2022-11-18","146","2022-11-18"
"random","20","25","150","2022-11-18","150","2022-11-18"
"random","20","26","155","2023-02-27","155","2022-11-30"
"random","20","27","163","2023-02-27","163","2023-02-27"
"random","20","28","170","2023-02-27","170","2023-02-27"
"random","20","29","179","2023-02-27","179","2023-02-27"
"random","20","30","187","2023-02-27","187","2023-02-27"
"random","20","31","192","2023-02-27","192","2023-02-27"
"random","20","32","197","2023-02-27","197","2023-02-27"
"random","21","1","5","2022-11-18","5","2022-11-18"
"random","21","2","14","2022-11-18","14","2022-11-18"
"random","21","3","19","2022-11-18","19","2022-11-18"
"random","21","4","22","2022-11-18","22","2022-11-18"
"random","21","5","26","2022-11-18","26","2022-11-18"
"random","21","6","28","2022-11-18","28","2022-11-18"
"random","21","7","32","2022-11-18","32","2022-11-18"
"random","21","8","36","2022-11-18","36","2022-11-18"
"random","21","9","39","2022-11-18","39","2022-11-18"
"random","21","10","43","2022-11-18","43","2022-11-18"
"random","21","11","50","2022-11-18","50","2022-11-18"
"random","21","12","56","2022-11-18","56","2022-11-18"
"random","21","13","62","2022-11-18","62","2022-11-18"
"random","21","14","64","2022-11-18","64","2022-11-18"
"random","21","15","71","2022-11-18","71","2022-11-18"
"random","21","16","79","2022-11-18","79","2022-11-18"
"random","21","17","85","2022-11-18","85","2022-11-18"
"random","21","18","88","2022-11-18","88","2022-11-18"
"random","21","19","97","2022-11-18","97","2022-11-18"
"random","21","20","104","2022-11-18","104","2022-11-18"
"random","21","21","108","2022-11-18","108","2022-11-18"
"random","21","22","117","2022-11-18","117","2022-11-18"
"random","21","23","121","2022-11-18","121","2022-11-18"
"random","21","24","126","2022-11-18","126","2022-11-18"
"random","21","25","135","2022-11-18","135","2022-11-18"
"random","21","26","147","2022-11-18","147","2022-11-18"
"random","21","27","151","2022-11-18","151","2022-11-18"
"random","21","28","158","2022-11-18","158","2022-11-18"
"random","21","29","168","2023-02-27","168","2023-02-27"
"random","21","30","175","2023-02-27","175","2022-11-30"
"random","21","31","180.375","2023-02-27","185","2022-11-30"
"random","21","32","183.227","2023-02-27","191","2022-11-30"
"random","22","1","1","2022-11-18","1","2022-11-18"
"random","22","2","8","2022-11-18","8","2022-11-18"
"random","22","3","14","2022-11-18","14","2022-11-18"
"random","22","4","19","2022-11-18","19","2022-11-18"
"random","22","5","26","2022-11-18","26","2022-11-18"
"random","22","6","28","2022-11-18","28","2022-11-18"
"random","22","7","29","2022-11-18","29","2022-11-18"
"random","22","8","33","2022-11-18","33","2022-11-18"
"random","22","9","37","2022-11-18","37","2022-11-18"
"random","22","10","40","2022-11-18","40","2022-11-18"
"random","22","11","48","2022-11-18","48","2022-11-18"
"random","22","12","51","2022-11-18","51","2022-11-18"
"random","22","13","57","2022-11-18","57","2022-11-18"
"random","22","14","64","2022-11-18","64","2022-11-18"
"random","22","15","68","2022-11-18","68","2022-11-18"
"random","22","16","74","2022-11-18","74","2022-11-18"
"random","22","17","80","2022-11-18","80","2022-11-18"
"random","22","18","87","2022-11-18","87","2022-11-18"
"random","22","19","91","2022-11-18","91","2022-11-18"
"random","22","20","97","2022-11-18","97","2022-11-18"
"random","22","21","104","2022-11-18","104","2022-11-18"
"random","22","22","108","2022-11-18","108","2022-11-18"
"random","22","23","112","2022-11-18","112","2022-11-18"
"random","22","24","119","2022-11-18","119","2022-11-18"
"random","22","25","126","2022-11-18","126","2022-11-18"
"random","22","26","132","2022-11-18","132","2022-11-18"
"random","22","27","139","2022-11-18","139","2022-11-18"
"random","22","28","143","2022-11-18","143","2022-11-18"
"random","22","29","149","2022-11-18","149","2022-11-18"
"random","22","30","166","2022-11-18","166","2022-11-18"
"random","22","31","172","2023-02-27","172","2023-02-27"
"random","22","32","178","2023-02-27","178","2023-02-27"
"random","23","1","5","2022-11-18","5","2022-11-18"
"random","23","2","7","2022-11-18","7","2022-11-18"
"random","23","3","15","2022-11-18","15","2022-11-18"
"random","23","4","16","2022-11-18","16","2022-11-18"
"random","23","5","19","2022-11-18","19","2022-11-18"
"random","23","6","29","2022-11-18","29","2022-11-18"
"random","23","7","32","2022-11-18","32","2022-11-18"
"random","23","8","35","2022-11-18","35","2022-11-18"
"random","23","9","47","2022-11-18","47","2022-11-18"
"random","23","10","49","2022-11-18","49","2022-11-18"
"random","23","11","53","2022-11-18","53","2022-11-18"
"random","23","12","57","2022-11-18","57","2022-11-18"
"random","23","13","59","2022-11-18","59","2022-11-18"
"random","23","14","64","2022-11-18","64","2022-11-18"
"random","23","15","68","2022-11-18","68","2022-11-18"
"random","23","16","71","2022-11-18","71","2022-11-18"
"random","23","17","74","2022-11-18","74","2022-11-18"
"random","23","18","76","2022-11-18","76","2022-11-18"
"random","23","19","89","2022-11-18","89","2022-11-18"
"random","23","20","92","2022-11-18","92","2022-11-18"
"random","23","21","97","2022-11-18","97","2022-11-18"
"random","23","22","106","2022-11-18","106","2022-11-18"
"random","23","23","110","2022-11-18","110","2022-11-18"
"random","23","24","115","2022-11-18","115","2022-11-18"
"random","23","25","122","2022-11-18","122","2022-11-18"
"random","23","26","128","2022-11-18","128","2022-11-18"
"random","23","27","138","2023-02-27","138","2022-11-30"
"random","23","28","147","2023-02-27","147","2023-02-27"
"random","23","29","156","2023-02-27","156","2023-02-27"
"random","23","30","164","2023-02-27","164","2023-02-27"
"random","23","31","166","2023-02-27","166","2023-02-27"
"random","23","32","167","2023-02-27","167","2023-02-27"
"random","24","1","5","2022-11-18","5","2022-11-18"
"random","24","2","6","2022-11-18","6","2022-11-18"
"random","24","3","11","2022-11-18","11","2022-11-18"
"random","24","4","16","2022-11-18","16","2022-11-18"
"random","24","5","18","2022-11-18","18","2022-11-18"
"random","24","6","23","2022-11-18","23","2022-11-18"
"random","24","7","26","2022-11-18","26","2022-11-18"
"random","24","8","34","2022-11-18","34","2022-11-18"
"random","24","9","44","2022-11-18","44","2022-11-18"
"random","24","10","50","2022-11-18","50","2022-11-18"
"random","24","11","54","2022-11-18","54","2022-11-18"
"random","24","12","60","2022-11-18","60","2022-11-18"
"random","24","13","64","2022-11-18","64","2022-11-18"
"random","24","14","69","2022-11-18","69","2022-11-18"
"random","24","15","75","2022-11-18","75","2022-11-18"
"random","24","16","80","2022-11-18","80","2022-11-18"
"random","24","17","85","2022-11-18","85","2022-11-18"
"random","24","18","89","2022-11-18","89","2022-11-18"
"random","24","19","96","2022-11-18","96","2022-11-18"
"random","24","20","104","2022-11-18","104","2022-11-18"
"random","24","21","109","2022-11-18","109","2022-11-18"
"random","24","22","112","2022-11-18","112","2022-11-18"
"random","24","23","122","2022-11-18","122","2022-11-18"
"random","24","24","127","2022-11-18","127","2022-11-18"
"random","24","25","132","2022-11-18","132","2022-11-18"
"random","24","26","133","2022-11-18","133","2022-11-18"
"random","24","27","142","2022-11-18","142","2022-11-18"
"random","24","28","149","2022-11-18","149","2022-11-18"
"random","24","29","151","2022-11-18","151","2022-11-18"
"random","24","30","153","2022-11-18","153","2022-11-18"
"random","24","31","158","2022-11-18","158","2022-11-18"
"random","24","32","163","2022-11-18","163","2022-11-18"
"random","25","1","2","2022-11-18","2","2022-11-18"
"random","25","2","8","2022-11-18","8","2022-11-18"
"random","25","3","11","2022-11-18","11","2022-11-18"
"random","25","4","14","2022-11-18","14","2022-11-18"
"random","25","5","19","2022-11-18","19","2022-11-18"
"random","25","6","24","2022-11-18","24","2022-11-18"
"random","25","7","31","2022-11-18","31","2022-11-18"
"random","25","8","34","2022-11-18","34","2022-11-18"
"random","25","9","39","2022-11-18","39","2022-11-18"
"random","25","10","40","2022-11-18","40","2022-11-18"
"random","25","11","42","2022-11-18","42","2022-11-18"
"random","25","12","45","2022-11-18","45","2022-11-18"
"random","25","13","50","2022-11-18","50","2022-11-18"
"random","25","14","57","2022-11-18","57","2022-11-18"
"random","25","15","64","2022-11-18","64","2022-11-18"
"random","25","16","68","2022-11-18","68","2022-11-18"
"random","25","17","74","2022-11-18","74","2022-11-18"
"random","25","18","79","2022-11-18","79","2022-11-18"
"random","25","19","82","2022-11-18","82","2022-11-18"
"random","25","20","88","2022-11-18","88","2022-11-18"
"random","25","21","93","2022-11-18","93","2022-11-18"
"random","25","22","98","2022-11-18","98","2022-11-18"
"random","25","23","111","2022-11-18","111","2022-11-18"
"random","25","24","116","2022-11-18","116","2022-11-18"
"random","25","25","119","2022-11-18","119","2022-11-18"
"random","25","26","127","2022-11-18","127","2022-11-18"
"random","25","27","137","2022-11-18","137","2022-11-18"
"random","25","28","142","2022-11-18","142","2022-11-18"
"random","25","29","146","2022-11-18","146","2022-11-18"
"random","25","30","166","2022-11-18","166","2022-11-18"
"random","25","31","173","2022-11-18","173","2022-11-18"
"random","25","32","183","2022-11-18","183","2022-11-18"